"ID";"HI_threat_1";"HI_threat_2";"HI_threat_3";"HI_threat_4";"HI_threat_5";"HI_threat_6";"HI_threat_7";"HI_threat_8";"HI_threat_9";"HI_threat_10";"HI_flight_1";"HI_flight_2";"HI_flight_3";"HI_flight_4";"HI_flight_5";"HI_flight_6";"HI_flight_7";"HI_flight_8";"HI_flight_9";"HI_flight_10";"LI_threat_1";"LI_threat_2";"LI_threat_3";"LI_threat_4";"LI_threat_5";"LI_threat_6";"LI_threat_7";"LI_threat_8";"LI_threat_9";"LI_threat_10";"LI_flight_1";"LI_flight_2";"LI_flight_3";"LI_flight_4";"LI_flight_5";"LI_flight_6";"LI_flight_7";"LI_flight_8";"LI_flight_9";"LI_flight_10"
"vp01";-0,00428344989177489;-0,00967355822510815;-0,0205431534632034;-0,035412901082251;-0,0522907403679653;-0,0666649260822511;-0,0832895963203462;-0,108433573701299;-0,115493107034632;-0,115121133225108;-0,000393838744588804;-0,0230842435064935;-0,0429797292207793;-0,0623968756493507;-0,072832389935065;-0,0594837220779221;-0,0467538696969697;-0,0345916935064935;-0,0353336125541127;-0,0410224446969698;-0,00944613506493508;-0,0242600017316018;-0,0490003005411256;-0,0756051338744589;-0,0967573410173161;-0,108989032683983;-0,114969344588745;-0,115555443398269;-0,121188691017316;-0,127142183874459;0,00450956233766248;0,00105692543290048;-0,0140277709956709;-0,0350624662337661;-0,0624687793290042;-0,0732846424242423;-0,0793181079004328;-0,0940318424242424;-0,107100513852814;-0,1205572495671
"vp02";-0,0203090978354979;-0,050500954978355;-0,0748331204545454;-0,0863685180735931;-0,0918603264069264;-0,0945319942640692;-0,100873387121212;-0,113392518073593;-0,120396126406926;-0,115841027597403;-0,0197169585497835;-0,0545445264069264;-0,0855645418831169;-0,0970996097402597;-0,104157057359307;-0,121683738311688;-0,141831535930736;-0,155650924025974;-0,159840014502164;-0,164848451406926;-0,0231694399350649;-0,0639587661255411;-0,0990236458874458;-0,125841430411255;-0,146320749458874;-0,16379511017316;-0,181517914935065;-0,19922753517316;-0,215249939935065;-0,229602251839827;-0,031408526082251;-0,0721240558441558;-0,101032427272727;-0,11374587012987;-0,125704247510823;-0,145567098701299;-0,167074335606061;-0,185747392748918;-0,201842872510823;-0,214923807034632
"vp03";-0,0249094598484848;-0,00152159199134198;-0,090416791991342;-0,106377607467532;-0,144063194372294;-0,0499257765151514;-0,0451050431818182;0,00664831634199131;0,0730518282467533;0,124271463961039;0,036792458874459;0,0139598612554114;-0,0345935054112553;-0,0815791792207791;-0,0356460887445885;-0,065228679220779;-0,0916166316017315;-0,0781394780303029;-0,0976000351731601;-0,112375588744589;-0,0271978538961039;-0,000701062229437244;-0,0754084681818183;-0,0847961765151516;-0,113079846753247;-0,180314193181818;-0,145352716991342;-0,173125434848485;-0,198157940800866;-0,273388426515152;-0,00700015140692639;0,0373723545454546;-0,0113789692640692;0,0184399402597402;-0,0209952228354979;-0,0269497883116882;-0,0347905633116883;0,000401606926406861;0,0317479116883117;-0,0621768097402598
"vp04";-0,00283028344155848;-0,00580110606060605;-0,00817472153679651;-0,0107403715367965;-0,0140014572510823;-0,0167175667748918;-0,020004687012987;-0,0237182191558442;-0,0278071155844156;-0,0322258822510822;-0,00130915183982684;-0,0132320566017316;-0,0162033101731601;-0,0152930601731602;-0,0132796292207792;-0,0119063399350649;-0,0141784054112554;-0,018057528030303;-0,0210039518398268;-0,0244788018398268;-0,00603493647186145;-0,0118616662337662;-0,0168713376623377;-0,0207657352813852;-0,022191784090909;-0,0232418543290043;-0,0266507233766233;-0,0312056829004329;-0,0354932948051948;-0,0360531686147186;-0,00396612629870129;-0,00845381915584412;-0,0127090822510822;-0,0166340596320346;-0,0199989572510822;-0,0220642715367965;-0,0252982286796537;-0,0298238560606061;-0,0348873941558442;-0,0392394441558441
"vp06";0,00378491612554112;0,00338537445887443;-0,000709073160173169;-0,00586660649350652;-0,0113975314935065;-0,0164317100649351;-0,0206941398268398;-0,0242636243506494;-0,0276878386363637;-0,0309587076839827;-0,000511399567099538;-0,00470887456709958;-0,0104349888528139;-0,0160916448051948;-0,0212202126623377;-0,0254238948051948;-0,0289424257575758;-0,0320299317099567;-0,0352682483766234;-0,0384137579004329;0,00650424599567098;0,00297344956709958;-0,0078718647186147;-0,0197451801948052;-0,0319581623376623;-0,0422723575757576;-0,0501673301948052;-0,0564536944805195;-0,0616412778138528;-0,0663295099567099;0,000660625324675312;-0,00657900205627704;-0,0181446734848485;-0,0298280591991342;-0,0396756603896104;-0,0479930663419913;-0,0550412901515151;-0,0609385365800866;-0,0661685270562771;-0,0712284175324675
"vp07";0,0144755075757576;0,0329699242424241;0,0603791028138528;0,0800850194805193;0,110653745670996;0,117146305194805;0,0710503409090907;0,0542697813852812;0,0460092932900432;0,0458273170995671;-0,019788444805195;-0,0265133971861472;0,00535491233766217;0,0681211385281384;0,0782056385281383;0,0860961147186146;0,0806571504329004;0,0600593647186145;0,0365053290043289;0,0056810909090907;0,01661675;0,0648803452380953;0,0697231309523811;0,058564130952381;0,0695890714285713;0,0355941071428571;0,0120808452380952;-0,00369694047619049;-0,0153802023809524;-0,0265911904761905;-0,0087375367965369;-0,00322853679653692;0,00852147510822481;-0,000427596320346302;-0,0203183939393939;-0,0600426201298702;-0,0712489058441559;-0,0586130844155845;-0,0735809177489178;-0,118493262987013
"vp08";-0,138218306818182;-0,253666367532468;-0,317780237770563;-0,375865778246753;-0,404192372294372;-0,470516347294372;-0,527238340151515;-0,540532106818182;-0,580166225865801;-0,594078180627706;-0,18462528538961;-0,324051973484849;-0,400658977056277;-0,390843036580087;-0,417955166341991;-0,494513688961039;-0,550189700865801;-0,57227201038961;-0,58945630443723;-0,606857417532467;-0,174231351406926;-0,338023447835498;-0,460761993073593;-0,488761816883117;-0,537099829978355;-0,572278371645021;-0,625865391883117;-0,689584690692641;-0,702553919264069;-0,726484896645022;-0,115561167099567;-0,239936829004329;-0,285602589718615;-0,31666460995671;-0,365065963528139;-0,431271944480519;-0,345648802813853;-0,317840300432901;-0,341506745670996;-0,363850412337662
"vp09";0,0161281270562771;0,0121033663419914;-0,0128175158008658;-0,0392186503246753;-0,0592732467532468;-0,0766668265151515;-0,0889491777056277;-0,0970715408008659;-0,0907358241341991;-0,0545147562770563;-0,00739133777056273;-0,0208474389610389;-0,038280927056277;-0,0565765865800866;-0,0634625151515151;-0,0191088306277057;0,0216853050865801;0,0184807038961039;0,00246200151515149;0,011547566991342;-0,0181549851731603;-0,0227466173160174;-0,0282172863636365;-0,0427903113636365;-0,0598198387445889;-0,0577018292207793;-0,0594476482683985;-0,0792399637445889;-0,105544742316017;-0,128262881601732;-0,00753757997835509;-0,0304357002164502;-0,053086724025974;-0,0555079930735931;-0,0449672502164501;-0,0592040585497837;-0,0854252133116883;-0,111013963311688;-0,13605745021645;-0,158969090692641
"vp10";-0,0374835019480519;-0,09003071504329;-0,136277420995671;-0,175142068614719;-0,194698453138528;-0,209438250757576;-0,227929850757576;-0,247954493614719;-0,268420132900433;-0,290545775757576;-0,0469987963203464;-0,102852728463204;-0,146331243939394;-0,179173148701299;-0,207919252272727;-0,235030282034632;-0,261461289177489;-0,288540464177489;-0,314797853463204;-0,339756368939394;-0,0811625462121212;-0,167340958116883;-0,23157687478355;-0,278011984307359;-0,317616470021645;-0,355554527164502;-0,390053362878788;-0,421512727164502;-0,451523748593074;-0,48050294978355;-0,0426557232683982;-0,0912581899350649;-0,131686393506494;-0,174889095887446;-0,21280801969697;-0,244309549458875;-0,274349217316017;-0,303930837554113;-0,330660306601732;-0,355992312554113
"vp11";-0,263342676406926;-0,446686581168831;-0,628652604978355;-0,734018878787879;-0,759511497835498;-0,728095271645022;-0,763098533549784;-0,760159878787879;-0,788340616883117;-0,832633878787879;-0,369895067099567;-0,710017090909091;-0,849999698051948;-0,857838495670996;-0,981055126623377;-1,12333898376623;-1,22682113852814;-1,27416034090909;-1,39179616233766;-1,43032566233766;-0,245337568181818;-0,41870158008658;-0,545270306277056;-0,600025925324675;-0,738159365800866;-0,857789234848485;-0,97564008008658;-1,02686173484848;-1,05634028246753;-1,18026896103896;-0,202585293290043;-0,392678305194805;-0,495160412337662;-0,600798174242424;-0,703984233766234;-0,816298781385281;-0,947355543290043;-1,04521138852814;-1,11919579329004;-1,19508313852814
"vp12";-0,00569027976190477;-0,0116741761904762;-0,0189913654761907;-0,027580780952381;-0,0368120690476191;-0,0463987273809524;-0,0546919892857143;-0,0629034761904763;-0,0714527880952382;-0,0790292904761905;-0,0103534809523809;-0,0255914928571428;-0,039957838095238;-0,053494119047619;-0,0661994428571429;-0,0781604261904762;-0,0886102309523809;-0,0986836059523809;-0,110267544047619;-0,121106498809524;-0,00561459556277052;-0,013067736038961;-0,0190874848484849;-0,0251187015151515;-0,0309437217532468;-0,0361980777056277;-0,0414384777056277;-0,0467264086580087;-0,0517113741341992;-0,0563710277056277;-0,00768492662337659;-0,0174024587662337;-0,0256344694805194;-0,0327566766233765;-0,0388152801948052;-0,0437108349567099;-0,0494220063852815;-0,0556870659090909;-0,0619341932900432;-0,0678603409090909
"vp13";-0,115844327922078;-0,22494083982684;-0,246166042207792;-0,329118316017316;-0,403133054112554;-0,412056554112554;-0,378297196969697;-0,33346008982684;-0,322825530303031;-0,386387244588745;-0,107300155844156;-0,252238465367965;-0,378637012987013;-0,45681667965368;-0,496489691558441;-0,559686274891775;-0,628867798701299;-0,685569632034632;-0,742809548701299;-0,791354298701298;-0,0736063831168831;-0,183337097402598;-0,283480561688312;-0,295737930735931;-0,268939180735931;-0,270456335497835;-0,251884609307359;-0,257448002164502;-0,297838025974026;-0,368865716450216;-0,158031899350649;-0,330324423160173;-0,454902566017316;-0,51748303030303;-0,561237363636364;-0,587101899350649;-0,635922923160173;-0,717811506493506;-0,784443435064935;-0,832734899350649
"vp14";-0,0592880995670994;-0,120009730519481;-0,163411876948052;-0,200400066233766;-0,237977767424242;-0,269380194805195;-0,299317111471862;-0,330030235281385;-0,357987272186147;-0,380611800757576;-0,059396214285714;-0,120100254761905;-0,163191888095238;-0,163872798809524;-0,152710877380952;-0,146942078571428;-0,136131260714286;-0,144023180952381;-0,149789698809524;-0,142309047619048;-0,0378710812770564;-0,0741002431818183;-0,0966288705627707;-0,126352970562771;-0,16089793008658;-0,190374132467532;-0,219526741991342;-0,24365050508658;-0,264277290800866;-0,283946221753247;-0,0755995721861471;-0,154030143614719;-0,209084928138528;-0,234911970995671;-0,247947580519481;-0,259213136471862;-0,266464944805195;-0,274735460281385;-0,280622711471861;-0,283750459090909
"vp15";-0,00971052575757569;-0,0206001971861472;-0,0302923602813852;-0,0363336090909089;-0,0371823150432899;-0,0386572055194804;-0,0341445852813852;-0,0261813567099566;-0,0284913590909091;-0,0366840364718612;-0,00919591677489164;-0,0201255703463203;-0,028502462012987;-0,0346891358225108;-0,0413025715367964;-0,0489428846320345;-0,0561618358225107;-0,0632543703463204;-0,0699338120129869;-0,0710140143939393;-0,0096493873376623;-0,0177521635281385;-0,021658071861472;-0,031446292099567;-0,0420865742424243;-0,051610865909091;-0,0605901837662338;-0,0691610563852814;-0,0773669111471861;-0,0853864075757577;-0,0112837966450216;-0,0230096156926407;-0,0340504442640692;-0,0415119252164502;-0,0405712502164502;-0,0409103085497834;-0,0492833752164502;-0,0585861323593073;-0,0685927264069263;-0,0777564037878788
"vp16";-0,030492748917749;-0,0830457012987014;-0,126994725108225;-0,15818457034632;-0,195437951298701;-0,192907915584415;-0,184249296536797;-0,213612653679654;-0,26717912987013;-0,319185213203463;-0,0406514816017314;-0,101785183982684;-0,139507053030303;-0,148121017316017;-0,164595303030303;-0,185589791125541;-0,20288366017316;-0,209073553030303;-0,201064279220779;-0,173829838744589;-0,0554735487012987;-0,117355072510822;-0,148875322510823;-0,170329608225109;-0,194997048701299;-0,202027560606061;-0,206520584415584;-0,204476012987013;-0,231349489177489;-0,261843762987013;-0,0678515054112551;-0,14516866017316;-0,197473207792208;-0,223726588744588;-0,237072053030303;-0,234103314935065;-0,231932350649351;-0,244108291125541;-0,282043612554112;-0,307165803030303
"vp17";-0,0218068514069264;-0,0489228835497836;-0,069999641883117;-0,0852114264069264;-0,0893950335497836;-0,0855849716450217;-0,090839754978355;-0,0955759668831169;-0,102219313311688;-0,116143891883117;-0,0125225203463203;-0,0236790905844156;-0,0210537132034632;-0,0114369762987013;-0,00825591796536796;-0,0148838596320347;-0,0269001179653679;-0,043842937012987;-0,0584799382034632;-0,0646765751082251;-0,0177660757575758;-0,0408812555194805;-0,0595029495670995;-0,0734732662337662;-0,0794514781385281;-0,0758259186147186;-0,070215520995671;-0,0599012924242424;-0,0477276579004329;-0,052870876948052;-0,0181337884199134;-0,0441786253246754;-0,0680062598484849;-0,0885328586580087;-0,104227288419913;-0,113143103896104;-0,11727183961039;-0,125029459848485;-0,136758507467532;-0,148030578896104
"vp18";-0,0562111277056276;-0,139209056277056;-0,206720568181818;-0,276202782467532;-0,325775651515152;-0,295809961038961;-0,236767020562771;-0,218558425324675;-0,238887127705627;-0,269907877705628;-0,034994611471861;-0,10102748051948;-0,188183206709957;-0,236627063852814;-0,248107420995671;-0,290788659090909;-0,339928873376623;-0,371103587662338;-0,391562801948052;-0,386624563852814;-0,0552969653679654;-0,134857834415584;-0,216578298701299;-0,29221412012987;-0,334452703463203;-0,337749358225108;-0,322226453463204;-0,337121108225108;-0,381830489177489;-0,441546608225108;-0,0362367196969695;-0,107965505411255;-0,181234219696969;-0,210731517316017;-0,234208505411255;-0,247607148268398;-0,264220029220779;-0,291745053030303;-0,301986648268398;-0,309694493506493
"vp19";-0,0954066385281384;-0,176538376623376;-0,179747793290043;-0,197050817099567;-0,200190221861472;-0,168506198051948;-0,135628543290043;-0,171707317099567;-0,222726067099567;-0,223290519480519;-0,105606608225108;-0,197383001082251;-0,163682382034632;0,00188145129870119;0,169279117965368;0,371631237012987;0,418002844155844;0,361952951298701;0,29160968939394;0,17186612987013;-0,175374346320346;-0,329544667748918;-0,363297560606061;-0,358911751082251;-0,397586215367965;-0,379870882034632;-0,372722191558442;-0,411301643939394;-0,511883941558442;-0,62756717965368;-0,0476826948051947;-0,126359016233766;-0,170719575757576;-0,179277194805195;-0,225341373376624;-0,2498505995671;-0,26073254004329;-0,27583604004329;-0,321690397186147;-0,386159456709957
"vp20";-0,0021617053030303;-0,00994741363636368;-0,014665141017316;-0,0212963505411256;-0,0213598648268399;-0,020618021969697;-0,0204955231601732;-0,0254703838744589;-0,0355779017316017;-0,0355212124458874;-0,000683077056277043;-0,000271848484848464;-0,00862748419913418;-0,0192613877705628;-0,0230109663419913;-0,0315323472943723;-0,0338933699134199;-0,0339464853896104;-0,0452524353896103;-0,044983027056277;0,00539781893939392;0,00130800822510822;-0,00880412153679657;-0,0175918834415585;-0,0210546060606061;-0,0176929536796537;-0,0179504322510823;-0,0169832501082251;-0,0254744001082251;-0,027927256060606;-0,00236583603896104;0,000647618722943732;0,00555298658008659;-0,00721737651515154;-0,0124672991341991;-0,0191719277056277;-0,0210819253246753;-0,0144461634199134;-0,0203176265151515;-0,0291661574675324
"vp21";-0,000654177813852796;-0,00121245995670996;-0,00203034686147186;-0,00277179686147184;-0,00322655995670996;-0,00401025519480519;-0,00455350281385279;-0,00489679090909091;-0,00530099686147185;-0,00583691471861472;-0,000341662554112546;-0,000857863744588735;-0,0014113316017316;-0,0016219935064935;-0,00185212683982685;-0,0022028696969697;-0,00250623755411258;-0,00288874231601731;-0,0033654446969697;-0,00376938993506495;-0,000744525865800871;-0,00145813896103897;-0,00218769372294374;-0,00228475800865801;-0,00279914491341992;-0,00302803181818182;-0,00347464729437231;-0,00397763538961039;-0,00447812943722943;-0,00514630086580087;-0,000565702380952407;-0,00148073214285718;-0,00260421666666671;-0,00349423928571432;-0,00418975357142859;-0,00495599880952384;-0,00587521071428574;-0,00678868928571432;-0,00738894642857145;-0,00806532976190479
"vp22";-0,0984405573593077;-0,208659224025974;-0,284825343073593;-0,317017807359307;-0,335450712121212;-0,32906425974026;-0,398451712121212;-0,502510093073593;-0,574105438311688;-0,598858938311688;-0,103712765151515;-0,176557348484848;-0,248684134199134;-0,295871705627706;-0,322677848484848;-0,318784015151515;-0,362695753246753;-0,434744562770563;-0,487079848484848;-0,512640122294372;-0,11191566991342;-0,197715777056277;-0,251541205627706;-0,239927753246753;-0,220891241341992;-0,226635705627706;-0,210752681818182;-0,231959669913421;-0,295234467532468;-0,378889098484848;-0,124765764069264;-0,249349502164502;-0,316677014069264;-0,367488347402597;-0,408988252164502;-0,42923718073593;-0,468513383116883;-0,505524645021645;-0,540141942640692;-0,597866942640693
"vp23";-0,0932179632034633;-0,28273218939394;-0,467868117965368;-0,583557927489178;-0,665589737012987;-0,690800010822511;-0,709218558441559;-0,736040177489177;-0,746679463203463;-0,736211677489178;-0,117347786796537;-0,286213905844156;-0,425202417748918;-0,435944036796537;-0,425083905844156;-0,46071262012987;-0,534083786796537;-0,630763203463204;-0,702903667748918;-0,748924489177489;-0,103435522727273;-0,301884903679654;-0,501822808441559;-0,616169510822511;-0,705549332251082;-0,796184106060606;-0,87761862987013;-0,942489260822511;-0,992960713203463;-1,01174267748918;-0,101216397186147;-0,274603873376624;-0,429203873376623;-0,502498111471861;-0,553175385281385;-0,604582409090909;-0,6581955995671;-0,714818885281385;-0,7720043495671;-0,820691611471861
"vp24";-0,0086985766233767;-0,0183344849567102;-0,0252716492424244;-0,0307883861471862;-0,0410269706709958;-0,0503880230519482;-0,0596313885281387;-0,0702120016233767;-0,0777203266233768;-0,0714784611471863;-0,00925413560606061;-0,0194720856060608;-0,0239625117965368;-0,0266224213203464;-0,0307234915584415;-0,0292198582251083;-0,0258972451298701;-0,0342434772727273;-0,0463864653679654;-0,0531270677489178;-0,000888662662337625;-0,00381525432900434;-0,000392093614718614;0,0111429182900433;0,0261165111471863;0,0278206754329005;0,0137919599567099;0,00802475519480528;0,00286522662337665;-0,00289075194805191;0,00244345010822511;0,00496397629870133;0,0182119096320346;0,0382689155844156;0,0602388191558442;0,0681803251082251;0,0748161893939394;0,0706997882034633;0,0487643167748918;0,0257087667748918
"vp25";-0,0184688320346321;-0,0499925272727273;-0,0769609653679655;-0,0892372141774893;-0,0997749201298703;-0,110036180844156;-0,125836422510823;-0,137777746320346;-0,155424567748918;-0,17020577012987;-0,0458083158008659;-0,104496182467533;-0,144848770562771;-0,150518477705628;-0,144576561038961;-0,155645390800866;-0,178946221753247;-0,199412899134199;-0,220730550324675;-0,233316433658009;-0,0309580193722941;-0,0713837658008656;-0,111696563419913;-0,149590840800866;-0,182380614610389;-0,210714508658009;-0,235481022943723;-0,254799689610389;-0,271147908658009;-0,289701389610389;-0,0365776399350651;-0,102793364935065;-0,160422599458874;-0,188461058982684;-0,211559867316018;-0,232583941125541;-0,24942373517316;-0,268904926839827;-0,284621691125541;-0,297898941125541
"vp26";-0,0117179378787879;-0,0266508521645023;-0,136410502164502;-0,12846562478355;-0,187900364069264;-0,183060068831169;-0,19602391525974;-0,255900016450217;-0,334252793831169;-0,284375587878788;-0,015542662012987;-0,00844913939393931;-0,00206400606060607;-0,0669432679653679;-0,156175526298701;-0,100248722727273;-0,145331769155844;-0,179451306060606;-0,271977197727273;-0,219811391774892;-0,0478061181818183;-0,0362475622294373;-0,14118191461039;-0,115609307467533;-0,118063247943723;-0,234092852705628;-0,276367032467533;-0,23432121461039;-0,353076263419913;-0,473526716991342;-0,0754297099567099;-0,248911007575758;-0,306906112337662;-0,5436947754329;-0,40663170995671;-0,503465220670996;-0,532942687337662;-0,506664477813853;-0,501001423051948;-0,556056123051948
"vp27";0,00343854788961051;-0,00729942949134188;-0,0240053509199133;-0,0350945652056276;-0,0427072461580087;-0,0660495366341991;-0,0922190211580087;-0,109073072348485;-0,127901009253247;-0,154048521158009;-0,00591380194805213;-0,0210136805194807;-0,0500664376623378;-0,0505125459956713;-0,0282785305194805;0,0261930575757574;0,100108837337662;0,123301723051948;0,0982515290043289;0,0513686504329002;0,00503547391774888;0,0101208905844156;0,00963816677489173;-0,0103714737012987;-0,0222276558441557;-0,0439482570346321;-0,0509815677489178;-0,0485344153679654;-0,0700283332251081;-0,10082212012987;-0,00386303874458864;-0,00642329112554119;-0,0140429101731601;-0,0212183304112555;-0,0423021994588744;-0,0651035208874459;-0,0833906030303029;-0,0925146851731602;-0,109572718506493;-0,140504039935065
"vp28";-0,0839332672077922;-0,242701417207792;-0,366280126731602;-0,43158428030303;-0,519788071969697;-0,600277437445887;-0,429607411255411;-0,294316774350649;-0,320189543398268;-0,385573561255411;-0,116009201298701;-0,27052618939394;-0,367165665584416;-0,437709106060606;-0,493753237012987;-0,579929641774892;-0,59556682034632;-0,639001248917749;-0,64893882034632;-0,66913032034632;-0,0682058798701297;-0,201936296536797;-0,394626748917749;-0,474603094155844;-0,557922048917749;-0,661241710822511;-0,715987772727273;-0,784577332251082;-0,861112463203463;-0,859764534632035;-0,105748254329004;-0,22452429004329;-0,341243599567099;-0,463606956709957;-0,540233492424242;-0,533223182900433;-0,499124516233766;-0,569854825757576;-0,587801492424242;-0,549120409090909
"vp29";-0,0564772745670995;-0,112328157900433;-0,150220686471862;-0,168352794805195;-0,189373888852814;-0,209055404329004;-0,226330060281385;-0,242325488852814;-0,255054803138528;-0,263286070995671;-0,067520018073593;-0,126405389502165;-0,146590377597403;-0,122822781168831;-0,153896727597403;-0,17584300974026;-0,180959131168831;-0,174976839502165;-0,166833835930736;-0,169861007359307;-0,0639222438311689;-0,118286814069264;-0,154009135497836;-0,177025010497836;-0,207923168831169;-0,232176733116883;-0,24267699978355;-0,260118910497835;-0,280374583116883;-0,295092336688312;-0,0698782945887446;-0,130907031493506;-0,163075151731602;-0,161868482683983;-0,176570870779221;-0,184316881493507;-0,186833617207792;-0,193344870779221;-0,208439871969697;-0,220497271969697
"vp31";-0,0719402261904762;-0,165789473809524;-0,230696738095238;-0,267224054761905;-0,314784860714286;-0,356290123809524;-0,357184094047619;-0,375878873809524;-0,416375259523809;-0,443086922619048;-0,0633714768398268;-0,152492691125541;-0,243353892316017;-0,312031753030303;-0,360705364935065;-0,376781737554113;-0,386497098268398;-0,418211357792208;-0,448793870887446;-0,450946549458874;-0,088354640800866;-0,223475412229437;-0,333007003896104;-0,408738620562771;-0,440774675324675;-0,461626388419913;-0,491499875324676;-0,53694365508658;-0,578660896753247;-0,596421065800866;-0,0757951839826841;-0,188655964935065;-0,280638682792208;-0,324824641125541;-0,370606158982684;-0,403963248268398;-0,434166731601732;-0,487443849458875;-0,522722623268398;-0,557928206601732
"vp32";-0,00286484783549785;-0,0124644668831168;-0,0281749025974025;-0,0420168906926407;-0,051252962121212;-0,0528909728354978;-0,0499768347402596;-0,0515859085497835;-0,0586351966450216;-0,0666351204545454;-0,00329032640692629;-0,00816802997835494;-0,0145676109307359;-0,0196459323593073;-0,0121287895021645;0,0046190438311689;0,0182013450216451;0,0255794438311688;0,0258028390692641;0,0250498426406927;0,0032721983766234;0,000543681709956667;-0,00634100519480506;-0,0135626861471861;-0,0190440004329004;-0,0244719932900432;-0,0328349456709957;-0,0426693718614718;-0,0542822218614717;-0,0657744659090909;0,00238740378787861;0,00352361331168823;0,00337135497835495;0,00385573235930738;0,00606719664502154;0,00499066569264058;-0,000444316450216498;-0,00873116406926415;-0,0172498890692641;-0,0261495783549785
"vp33";-0,242380151515152;-0,393687282467532;-0,46758383008658;-0,493548044372294;-0,478468151515151;-0,502854484848485;-0,574717461038961;-0,680062746753247;-0,722742556277056;-0,736220663419913;-0,171929382034632;-0,342243953463203;-0,438091417748918;-0,469879215367965;-0,54345637012987;-0,629266667748918;-0,711234524891775;-0,802392572510822;-0,771621905844156;-0,727430882034632;-0,193748478354979;-0,311076609307359;-0,44867204978355;-0,473342406926407;-0,511335168831169;-0,524908025974026;-0,559619502164502;-0,681098275974026;-0,694642502164502;-0,743303764069264;-0,092137983766234;-0,230766662337663;-0,293943971861472;-0,35706295995671;-0,406382174242425;-0,421417090909091;-0,590029745670996;-0,593330424242424;-0,682066721861472;-0,637180495670996
"vp34";-0,0466705528138529;-0,0924044551948053;-0,0545522659090909;-0,0577168563852815;-0,0703376337662338;-0,0874099861471862;-0,116059064718615;-0,0803962813852814;-0,0479103420995671;-0,0625513956709957;0,0164391499999999;0,0207285142857143;0,0545404095238095;0,10884728452381;0,120924932142857;0,095588244047619;0,0766953107142857;0,082857919047619;0,0657798619047618;0,0584272059523809;-0,00999422359307356;-0,0206785712121212;-0,0400733474025974;-0,0682312533549783;-0,0694897212121211;-0,0428775521645022;-0,00935364383116882;-0,00491979859307352;-0,0471366331168831;-0,0491308462121212;0,0220669361471862;0,0093919266233766;-0,0187749281385281;-0,00711188290043291;-0,0103647531385281;-0,0151730079004329;-0,0373058876623377;-0,089937676948052;-0,0816412638528139;-0,0315616233766234
"vp35";-0,0648316808441558;-0,102087430844156;-0,161434426082251;-0,221341208225108;-0,214954985606061;-0,222807623701299;-0,242108690367965;-0,237817308225108;-0,186513301082251;-0,27675992012987;-0,141700938961039;-0,228733225865801;-0,246730272294372;-0,276997278246753;-0,279377879437229;-0,266573034199134;-0,302404665151515;-0,362468748484849;-0,332048423484849;-0,303207411580087;-0,0729954161255411;-0,186371155411255;-0,226859275649351;-0,219755672077922;-0,333429606601731;-0,333849222077922;-0,381184167316017;-0,426582108982684;-0,388151372077922;-0,394344114935065;-0,0626491766233765;-0,179128679004329;-0,222139077813853;-0,224061337337662;-0,228983088528138;-0,237439432575758;-0,255340894480519;-0,217429264718615;-0,238380658766234;-0,296754940909091
"vp36";-0,0051298893939394;-0,00763653106060606;-0,0106249715367966;-0,0126870012987013;-0,0122940143939394;-0,0107961215367965;-0,0109030762987013;-0,0121283560606061;-0,0133036477272727;-0,0133663286796537;-0,00131024047619046;-0,00105180119047619;-0,000642401190476161;0,00110045357142859;0,000792177380952397;-0,000473327380952349;-0,00083825119047618;-0,000812078571428554;0,00124892261904764;0,00284805000000001;-0,0062823581168831;-0,0145646319264069;-0,016752439069264;-0,0177034331168831;-0,0175219688311688;-0,0185902819264069;-0,0207372319264069;-0,0135406462121212;-0,0121582962121212;-0,0148559664502164;-0,00256575021645024;-0,00678986212121214;-0,00869491807359309;-0,0122737109307359;-0,020058429978355;-0,0239822109307359;-0,0258040633116883;-0,0261591811688312;-0,0283895906926407;-0,0295271430735931
"vp37";-0,00667188279220777;-0,015386333982684;-0,0244124042207792;-0,0297702649350649;-0,0318038637445888;-0,0337328173160173;-0,0402929625541125;-0,0466268696969697;-0,0514659935064935;-0,0540124458874459;-0,0118440170995671;-0,0251323075757576;-0,0353529944805195;-0,0436574182900433;-0,0521696182900433;-0,0601250516233767;-0,0669383551948052;-0,0739267147186148;-0,0769043468614719;-0,0757440754329004;-0,0117725514069264;-0,0249783061688312;-0,0351342121212121;-0,0444402216450217;-0,0534264597402597;-0,0617345621212121;-0,0695575561688312;-0,0770790466450217;-0,084053429978355;-0,0907292430735931;-0,0105804884199134;-0,0220188050865801;-0,0315770074675325;-0,0412061419913421;-0,047516966991342;-0,0446868741341991;-0,0478361788961039;-0,0548871300865801;-0,0625247800865801;-0,0699473300865801
"vp38";0,15536471482684;0,0116355874458873;-0,185448686363636;-0,245248829220779;-0,138050245887446;-0,00049786493506474;0,116068266017316;0,180059861255411;-0,157769226839827;-0,310844499458875;-0,139196115800866;-0,31511063961039;-0,394358913419914;-0,404385568181818;-0,284723484848485;-0,0986687110389614;-0,111014758658009;-0,282926901515151;-0,465150437229437;-0,557948901515152;-0,037767341017316;0,11042521969697;0,0668517196969698;0,0317301839826839;0,0367304101731603;0,0192521363636363;0,114214707792208;0,170055088744589;0,0179900887445888;-0,259452468398268;-0,0306088852813851;-0,110955504329004;-0,105694754329004;-0,0873451352813851;0,112068531385282;0,0796031706709956;0,142430590909091;0,0197303051948054;-0,18837479004329;-0,377632242424242
"vp39";0,0811794940476189;-0,0168663976190477;-0,0984257607142857;-0,123314832142857;-0,180352842857143;-0,315486548809524;-0,300566488095238;-0,25954298452381;-0,326692108333334;-0,308687308333333;0,0420328109307361;0,0449355454545455;0,00770609188311711;0,0252812787878789;0,134240340692641;0,115935157359307;-0,018920195021645;-0,0534940604978355;-0,270157195021645;-0,253694329545455;-0,0785491581168831;-0,128072377164502;-0,152227614069264;-0,152974384307359;-0,179863736688312;-0,214834497402597;-0,321470460497836;-0,442495781926407;-0,418192081926407;-0,429260647402597;-0,14706041969697;-0,197078379220779;-0,147841301839827;-0,158198007792208;-0,221684018506494;-0,372534567316017;-0,460005686363637;-0,385860082792208;-0,430811524458875;-0,491749272077922
"vp40";-0,000229365692640665;-7,74502164502144e-05;-0,000600462121212106;-0,000934496645021629;-0,00115265974025973;-0,00153625974025973;-0,00205075259740258;-0,00256788831168831;-0,00307528474025972;-0,00357943354978354;-0,000663836471861479;-0,00445167694805196;-0,00135320551948054;-0,0016035340909091;-0,00234514123376625;0,000617594480519468;-0,00179487932900435;-0,00369504361471863;-0,0037508579004329;-0,00373331385281387;0,00238118712121213;0,00351028593073591;0,00299696450216451;0,00109472997835497;-0,000654162878787878;0,000906358549783551;0,0013063525974026;-0,000476100974025973;0,000915963311688309;0,000475512121212118;0,000294235930735925;-0,000167418831168822;-0,000978156926406928;-0,00195686406926407;-0,00513794383116881;-0,00107686525974026;-0,00116464859307357;-0,00183848668831169;-0,00404582597402597;-0,0121058724025974
"vp41";-0,19481014025974;-0,365049029545455;-0,391831785497836;-0,309001936688312;-0,338810862878788;-0,396006220021645;-0,503351655735931;-0,533555117640693;-0,547209959307359;-0,558285127164502;-0,131550909848485;-0,229326207467532;-0,268128363419913;-0,234224102705628;-0,179406725324675;-0,171703997943723;-0,251216671753247;-0,32639207056277;-0,380254316991342;-0,324466209848485;-0,125539525;-0,201263603571429;-0,287301986904762;-0,352568394047619;-0,343680446428571;-0,316990617857143;-0,379020380952381;-0,460276310714286;-0,483350226190476;-0,468597053571429;-0,194626653030303;-0,375095155411255;-0,407152450649351;-0,454959863744589;-0,516065179220779;-0,510336842316017;-0,559000275649351;-0,583811874458875;-0,611690543506494;-0,614012270887446
"vp42";-0,00224610779220785;-0,00549111493506491;-0,00836078993506487;-0,0112300923160172;-0,0140819292207791;-0,0168162756493506;-0,0193478744588744;-0,0222098935064935;-0,0252354899350649;-0,0281472196969696;-0,000198253354978362;-0,00241224859307368;-0,00525225097402597;-0,00710888549783555;-0,00838014383116889;-0,00942603668831167;-0,0102321021645022;-0,0117766497835499;-0,0141237164502165;-0,0163248116883117;0,000865135281385265;0,00105238766233772;-0,00208422305194801;-0,00450945995670994;-0,00643379567099568;-0,0086854397186147;-0,0113848682900433;-0,0141534385281385;-0,0168220742424242;-0,019606779004329;-0,00231859610389604;-0,00582993896103896;-0,00900231396103894;-0,0118993449134199;-0,0148525734848485;-0,0178455389610389;-0,0208188758658008;-0,0237250080086579;-0,0267167925324675;-0,0298882377705627
"vp43";-0,126415854978355;-0,300592414502165;-0,445123462121212;-0,504084712121212;-0,559916854978355;-0,59935975974026;-0,594847735930736;-0,606000914502165;-0,606868295454545;-0,615753593073593;-0,113992869047619;-0,285424654761905;-0,430405785714286;-0,52124075;-0,595581166666667;-0,645115190476191;-0,679213297619048;-0,721651797619048;-0,763456;-0,780851285714286;-0,104967522727273;-0,265841451298701;-0,410389367965368;-0,522718117965368;-0,609384844155844;-0,671693844155844;-0,715886784632034;-0,754425141774892;-0,781866427489177;-0,806702927489177;-0,0925492348484847;-0,259976461038961;-0,413701806277056;-0,520533794372295;-0,597615782467532;-0,651929818181818;-0,70289327056277;-0,757906282467532;-0,817040758658009;-0,872243318181818
"vp44";0,012000458874459;-0,00867116017316021;-0,0681040649350652;-0,104438517316017;-0,112415683982684;-0,135199183982684;-0,175653553030303;-0,201958636363636;-0,199159886363636;-0,194780648268398;-0,0521160476190476;-0,124076357142857;-0,189239511904762;-0,224083821428571;-0,283621714285714;-0,337097726190476;-0,397179321428571;-0,466858261904762;-0,52283294047619;-0,559192952380952;-0,0521225735930736;-0,131858775974026;-0,201779383116883;-0,24564779978355;-0,251642133116883;-0,243668787878788;-0,225395811688312;-0,208297133116883;-0,223609359307359;-0,26685429978355;0,0344096612554112;0,0734738160173159;0,0665880064935064;0,0332450660173159;0,0141645064935064;0,0380046731601731;0,0410387326839827;-0,00350944588744597;-0,0586064816017317;-0,108977326839827
"vp45";-0,0636148365800865;-0,168859538961039;-0,262365872294372;-0,286234348484848;-0,251958443722944;-0,207802193722944;-0,114072431818182;-0,0585304913419913;-0,0189966937229436;-0,0423919318181818;-0,0926885606060605;-0,198034846320346;-0,270668501082251;-0,307119965367965;-0,288945524891775;-0,247556655844156;-0,249274382034632;-0,290375072510822;-0,341274465367965;-0,376574489177489;-0,0775497435064934;-0,17740171969697;-0,241270231601732;-0,248943791125541;-0,271640148268398;-0,325801148268398;-0,373122243506494;-0,406327100649351;-0,431423433982684;-0,462458922077922;-0,0775522489177489;-0,136642713203463;-0,127462558441559;-0,15433018939394;-0,184050772727273;-0,180177463203463;-0,186444867965368;-0,215472737012987;-0,25093107034632;-0,299072772727273
"vp46";0,00277637694805184;0,000886734090909003;-0,00560790400432907;-0,0138596635281386;-0,0224366313852814;-0,0302906694805196;-0,0373518397186147;-0,0434566504329004;-0,047234017099567;-0,0505123861471862;0,00844885389610386;0,00652402413419915;-0,00429059610389615;-0,0174091675324676;-0,0303574722943723;-0,0422004472943723;-0,0529915841991342;-0,0628908770562771;-0,0719377377705628;-0,0805855770562771;0,0038644128787878;0,000535387878787863;-0,00833043354978373;-0,0173378728354979;-0,0227781466450217;-0,0270125537878789;-0,0316380740259741;-0,0381704240259741;-0,0459349168831169;-0,053464979978355;0,00579281320346321;0,00331067748917764;-0,00575142489177483;-0,01705572012987;-0,0277369975108224;-0,0385470165584415;-0,0489109534632033;-0,0588453201298701;-0,067880882034632;-0,0762743451298701
"vp47";0,00560771645021636;-0,0375906883116881;-0,116878426406926;-0,203635926406926;-0,252968224025974;-0,28491045021645;-0,326880295454545;-0,368195581168831;-0,405208307359307;-0,436360319264069;-0,024454471861472;-0,113219555194805;-0,233173983766234;-0,26987601948052;-0,269395626623377;-0,301330876623377;-0,354629983766234;-0,401297567099567;-0,433173055194805;-0,475789579004329;-0,0174021341991342;-0,0969252413419913;-0,194000455627706;-0,279690181818182;-0,347257693722944;-0,388290765151515;-0,42217486038961;-0,458348824675324;-0,48733141991342;-0,510809312770563;-0,0111836536796537;-0,105494367965368;-0,217610237012987;-0,323863594155844;-0,414362784632035;-0,482634117965368;-0,537517891774892;-0,585516546536797;-0,626703475108225;-0,662809141774892
"vp48";-0,0466895649350647;-0,177564957792208;-0,308612172077922;-0,43002060064935;-0,512072362554112;-0,586048755411255;-0,663210553030303;-0,753510433982684;-0,860826695887446;-0,925786993506493;-0,0332026103896104;-0,155485860389611;-0,327790265151515;-0,486428086580087;-0,638062384199134;-0,720156574675325;-0,766077574675324;-0,828803324675325;-0,875860396103896;-0,940618634199134;-0,00874035064935041;-0,139354755411255;-0,319281124458874;-0,455508338744589;-0,620215053030303;-0,765117517316017;-0,817813481601732;-0,902308195887446;-1,01190911255411;-1,13300098160173;-0,0377620746753246;-0,179975896103896;-0,349072038961039;-0,493010217532467;-0,630029277056277;-0,762080312770562;-0,895601586580087;-1,0004450508658;-1,07558141991342;-1,1441391461039
"vp49";-0,0254904794372291;-0,109340348484849;-0,213751967532467;-0,307065253246753;-0,383870146103896;-0,446081836580086;-0,494196074675325;-0,533428586580086;-0,56147016991342;-0,574743788961039;-0,0168039080086579;-0,0964091103896102;-0,201757634199134;-0,296312146103896;-0,370991300865801;-0,429867741341991;-0,473978277056277;-0,494771086580087;-0,506861241341991;-0,517765491341991;-0,00503796969696966;-0,0647590054112555;-0,143825326839827;-0,202985195887446;-0,257820362554112;-0,312912636363637;-0,369303779220779;-0,424986898268398;-0,47381916017316;-0,516256648268398;-0,01105408982684;-0,0863732326839827;-0,192156792207792;-0,289585196969697;-0,36539883982684;-0,423218125541126;-0,469432732683983;-0,496799185064935;-0,521154220779221;-0,552628351731602
"vp50";-0,0484004571428572;-0,155331339285714;-0,24217400952381;-0,297734414285714;-0,336344055952381;-0,351050667857143;-0,39402493452381;-0,425661842857143;-0,462530992857143;-0,503017471428571;-0,0476888106060607;-0,144870383225108;-0,241462197510822;-0,280170368939394;-0,292189072510822;-0,30694897012987;-0,298858335606061;-0,329605853463203;-0,337773189177489;-0,332685209415584;-0,0603909562770564;-0,173211006277056;-0,244643069372295;-0,309817628896104;-0,341813786038961;-0,347983132467533;-0,363956497943723;-0,396787034848485;-0,432340608658009;-0,477822186038961;-0,0366133114718618;-0,0959574007575759;-0,147953498376624;-0,171086934090909;-0,149347403138528;-0,111458501948052;-0,120256469805195;-0,141990535281385;-0,180704669805195;-0,193368910281385
"vp52";-0,310230040367965;-0,633144614177489;-0,891505329653679;-1,07030936536797;-1,22936339155844;-1,37982509989177;-1,45113606179654;-1,51651961774892;-1,59062789393939;-1,64066023084416;-0,134187096428571;-0,376130260714286;-0,498811307142857;-0,651275490476191;-0,691049791666666;-0,747000780952381;-0,782058865476191;-0,811114241666667;-0,892929426190476;-0,990452722619048;-0,297059886796536;-0,578354574891775;-0,767322783225108;-0,840711146320346;-0,863761367748918;-0,912733577272728;-1,04258238441558;-1,02425103084416;-1,16178333203463;-1,18279661179654;-0,197419414502164;-0,454642264502164;-0,645529558549784;-0,780037321645022;-0,858851856168831;-0,956806915692641;-0,987197802597403;-1,02481883593074;-1,12236775497836;-1,2868619025974
